dataset,x30mer,efficiency
Endo,GCGGTGGCTTCAGAGTTGCCGAAGTGGGCG,74.88305106
Endo,GGGGGAAAGAGGAAATGTGGACGAAGGCAG,72.94113524
Endo,TGAGTTATAGACTGGGGATATAATTGGGAT,66.38250963
Endo,CTGTTCCCTTCGCCTTCCACACGATGGCAT,80.81844901
Endo,TATTCTTTCTATGCTTTGTCACCCAGGCTG,76.47464653
Endo,TCAGGGCTGAACTAAAGCCTCCAGGGGGCC,70.27734736
Endo,ACGCAAATTTCACTCTCATTTTACAGGCGA,18.88660272
Endo,GTGAGCCAGCACAGCCCCTTCCCTGGGCGG,62.62991144
Endo,AGGAAGCAAACGAGCTGAAAGCCAGGGTTT,68.71329272
Endo,TTCGCAGGAGGACACTAACCTCCCTGGGAT,59.38296233
Endo,AGCCACTGCTGAACTCAGGGAGTCTGGTTC,73.54673801
Endo,CGATGGGGAGAGCCTTGGGACTGAGGGGCC,76.54944492
Endo,AGGCAGGTCCCGACAGACAGGGGGAGGGCA,72.84456781
Endo,CTCCTGGTCCAGTGCCAGGGTCTTGGGGCT,64.76317956
Endo,GCCGCAGAACCTGAATGACGCCTACGGACC,76.53749453
Endo,GGTTAGGAAGGGCCCAGGACCGCCGGGGGC,73.84838381
Endo,TAAGAGAGTGGTAATAGAAGTGCCAGGTAT,78.5110751
Endo,AAGCCACTGGGCGGAAGTTTGCTGAGGGTC,72.98263592
Endo,AGACACGAGGCCAGGCGCCCCTGCTGGATC,70.79321934
Endo,GGCAATTGTGGAATTCTAAAAGGGTGGGTC,71.13634807
Endo,GTTGTTCGGCGAGCTGGCCACTGGAGGGCA,65.76753544
Endo,CCCAGCTCTCCTTAGGAGCAAGCAAGGGAG,67.54105974
Endo,ACACAGTCTGCTTTTTAGACTGTTAGGTTT,63.43876701
Endo,GCTGGGAGGGCCTGGGTCTGGACAGGGGCC,61.6956006
Endo,GGCCACACAGCTGGTAAGTGACAGGGGCAG,74.84122838
Endo,CTATTCAGGATGACTCAGGCATCTGGGAGG,73.21724838
Endo,AATATTTTTTGAACAACTCAGTTTTGGGTT,0.563613882
Endo,CCCACTCCCTCCCTCTCTTGGGCGTGGCTC,69.55073599
Endo,GGGACGAAGGGAAGCTCCAGCGTGTGGCCC,77.17549213
Endo,GCCGGCGCCTGTGGCTTCTCTCAATGGAGG,37.62105851
Endo,CATTCAGTGGCTCTGCTATAAGGAGGGGAC,61.47546037
Endo,GGTCTCACTCTAACCCGGGAGTGACGGGTC,76.93015669
Endo,AACTGAAGGCTGAACAGCAGGGGTGGGAGA,82.15940795
Endo,AAGTGCCTGCCTGGTCCGAATGCAGGGAGT,82.86313567
Endo,GGCAAGACAAACCCAGAGCTCCCCAGGGAC,79.4966411
Endo,CTCCCTAAGCGTCGGGATTCCTGGCGGAAG,82.46324403
Endo,GGAACGCGGGTTGCTCCTCCCCAGGGGAAG,80.29668558
Endo,GGAGATGCAGACCGGCTGAGGCTTGGGATG,72.14630959
Endo,TTACACCCCCGGGGGAGAGAGCAGGGGCCC,58.6031091
Endo,GGGGTGCGGCCAGTGGCCAGGGTTGGGCAG,41.93538424
Endo,AGAGACTGACCAGGAGAGCTCCCCCGGTGG,72.02259644
Endo,CAATGTTCGTGATGACCAAAACCTGGGAAT,79.58651267
Endo,TGTTACCATGTGAAACAGGCTGGGGGGATG,82.82546968
Endo,ATCAGCAACCATTCCTTCAGCTCATGGGCA,62.74025364
Endo,CACGCTTTCCCCAGACCAGAACCGCGGGCC,86.44417948
Endo,CGTTCACACTGTCAGTCTATAAAACGGTTC,69.52229592
Endo,TGCAAGGTGGCTGCTCCTAGTCACAGGGCC,72.85990165
Endo,GAGTTTGGAGACCCGGCAGCTCGCAGGGCT,72.85903881
Endo,AGCGCAGGGAGCCATTCGGGGCCCGGGCGG,82.27800386
Endo,GCCAGTCCCTGGTCCCCACACCCTGGGCGT,78.75005134
Endo,ACAAACCTGTGGCTCTGATAAAAGTGGGTG,79.79946606
Endo,AGCGGGCATCCTCCTCGTTGGATGTGGAGG,59.82448693
Endo,GAGGAATCGGTTTGTGTGGGGTGGGGGTGG,68.7510571
Endo,TGCAGAAACAGCTGATTCTAGGGTTGGGAC,69.28624927
Endo,GGCGAGGGGGCCGGGTGTGGGGGCTGGTCC,28.58192201
Endo,CCCATCTTACAGATAGCGAAACTGAGGGGA,77.84331965
Endo,GTGATACCCACCATTTATCAGGCGTGGACA,75.04684897
Endo,TGGCGCCCCCTGTTGGGGGAACTCTGGAAT,0.18680124
Endo,GAACAAAATGATCAAATAACTAGGAGGGAT,70.84997218
Endo,AATTGTCTGAAATCAGATTCGAGCTGGAAC,58.01937374
Endo,AGCGTTGCAGCATCAAGCATCACTGGGGGT,69.14881122
Endo,ACCACCTCAGAGACGTTGCAGTTGGGGTCG,71.56727367
Endo,AGGACTGAGCGCTCTCAGGCAGGAAGGGCG,71.93784732
Endo,TCCACAGAAACATTGAGGCCTGGCTGGGCA,43.18170772
Endo,CAGCAGAGAGTTTACTAACATCCATGGTCT,76.58892483
Endo,CTCACCACGGCAGTTCGTAGTGGCCGGCGC,71.05470378
Endo,ATGTCTTTCCGTGGTCGGTGGTAAAGGAGG,58.46129721
Endo,AGAAGGAAGAGGAAGAAGATGAAGAGGATG,35.64596011
Endo,TCCAGGACCAGGACAACTCCACGTTGGCTT,73.39911548
Endo,ACGGATCTGTTATAATACCAAGCCGGGAGC,61.4232556
Endo,CTGGTTTGAGTCAGTACATAGCAGTGGAAG,75.04120446
Endo,TTGAGTAGTTTGGGATCGACTTGGGGGTGC,67.78975018
Endo,CAAGGAGTTAACCCATATTTATAGGGGAGA,60.8640272
Endo,GAAGCCCTCTCTCATGCAAGTGGGAGGATA,64.55678363
Endo,GGCCCCGTGTTTTCAGAGTCATGGAGGCGC,77.1088916
Endo,TTTGTGGTGGTTGCTATGGTAATCCGGCAC,48.94445007
Endo,TCCCCGTCTTTCTGAACTGCTGGCTGGCCA,59.97266224
Endo,CTTTCTTCTTCCTCTCCTCTTTATAGGCGG,7.48448731
Endo,CTCCCTTCGAGGACACAGTCTGTTAGGTCA,55.88216764
Endo,AACCTTCCAGGTCCTAAAGATTTGGGGTTA,64.48409687
Endo,GCTCCCACTACCAGTCGCTGGTATAGGAAC,71.25784787
Endo,CACTCTGCCCTGCCCTGCTGCAGATGGAGC,50.92514339
Endo,GCTCCGAGAAATGCAGTCTTTCTTCGGCTT,38.48635679
Endo,GTGGATAAAGTGCTGGCGCAATCGCGGCAC,78.00061418
Endo,GCAGAGGAGAGAGCCGCCCTCGAGCGGAGC,67.04529969
Endo,TCTTTCACTTAGGAGAAGGCCCACAGGCTT,71.69113935
Endo,GCATCTCCACTGACTTCACCTCAGTGGTGA,69.83853526
Endo,CAGTGTCGTCCAGGGTGAAGATCACGGCAT,72.49071026
Endo,GGATGTATTTGCCTCACTTTCTACTGGGGT,12.1083791
Endo,ATGTCCTTCCCCGTCTCGGGTTCCAGGATG,17.92290843
Endo,AGGGGCTTCCGGTTGCTGGGGTCCAGGCTG,52.13166778
Endo,TTTCAGTAATGTACTTACACATTTCGGCAA,66.12834064
Endo,TCACCATTTTCCAAAGGTACAATACGGGAA,51.89441985
Endo,TGCTTTCCCAGAGCTTCTGGGCCCAGGTCT,68.58257438
Endo,TGGTCTCTCCCCATTTTGTGCTAAGGGTAG,6.201723345
Endo,CATGCAGGCTGGTGGCGATGTTCTTGGCAG,61.47793172
Endo,CATTTTCCCTGGTGAGCATGTCCAAGGCAT,81.99836697
Endo,GAAAACAGAATTTGTTGAGGGCGATGGTCA,57.26615417
Endo,GCCATCTTCCTCAAGTTCATATCCTGGGTC,65.68098728
Endo,AGCAGGTTCTGAGTTAGATGCAAAAGGCAT,72.49850379
Endo,TCCGCCCACCGGGATCCCCTTCCCAGGTCC,31.21734542
Endo,CAGAAAATGGCCATTTCCACAACCTGGCTG,74.38114788
Endo,GCTGTGAGATCTTTGACAGTCATTTGGCCC,26.32040039
Endo,GGGTTGAAGACTCTATTGGCCCGGGGGGCC,70.15701199
Endo,GCAACGATGGGCTGCATGAGCCGCTGGACT,65.9854878
Endo,AGAACATCAACAAACTCCAGGAACTGGATC,65.81579436
Endo,AGCAGCAGAGGAGCACGAGGATCGTGGGAG,72.28282968
Endo,CCCTCATGGTGCAGCTAAAGGCCCAGGAGC,78.69047062
Endo,ACGGCAGCTCCCTGGACGTGGGGATGGATG,65.61261584
Endo,CATTCATGCACCGAACTGCGGGGACGGTTC,72.39077604
Endo,ACCCCGCTGTGTTTGCCGCCAGCCAGGGGG,0.799958888
Endo,AAACTTGAGAGCTTTCATAAAGCTTGGCAA,26.44335018
Endo,CTCAGGCCTATGGTCGAGATTTAATGGAGG,7.392298012
Endo,GTCGTTACTTGTCTGCAGGACGGCTGGTCC,56.77786888
Endo,ATGCGAGAGATGTATGATAGGGCAGGGGAG,71.74775696
Endo,ACAATGGCTCGGGGTTCTGCAAAGCGGGCC,67.83091251
Endo,ATTAGGCGACAGTTATTCGAAGCCAGGAAC,63.86728456
Endo,GGACATGTGGGTCCCACATGATTGTGGTGT,70.71832853
Endo,ATTATATGCAGAGCAGCCTGCAAAAGGAGA,68.04651858
Endo,AGATGACCCATGAGACCCTGTACTTGGCAG,79.63811475
Endo,CCACAGGCTCAGCTGGCTTCAATATGGTAA,78.14989995
Endo,TCACTTGGCAAGGAAGATGGAAGTGGGGAC,69.18809719
Endo,CTTACACTTCTCCATCTCTTGCCATGGTGC,78.96770577
Endo,TCTATGACATCAATTATTATACATCGGAGC,49.31598126
